index,time_s,linear_velocity_mps,angular_velocity_radps
1,0.019,-0.0000,-0.0000
2,0.046,-0.0000,-0.0000
3,0.069,0.0068,0.4269
4,0.097,0.0285,0.5074
5,0.120,0.0485,0.4913
6,0.150,0.0685,0.4758
7,0.190,0.0885,0.4609
8,0.220,0.1085,0.4466
9,0.245,0.1285,0.4328
10,0.267,0.1485,0.4196
11,0.293,0.1685,0.4069
12,0.318,0.1885,0.3946
13,0.344,0.2085,0.3829
14,0.371,0.2285,0.3715
15,0.397,0.2413,0.3607
16,0.421,0.2419,0.3502
17,0.446,0.2424,0.3400
18,0.471,0.2429,0.3301
19,0.497,0.2434,0.3206
20,0.518,0.2439,0.3113
21,0.543,0.2444,0.3023
22,0.567,0.2448,0.2935
23,0.594,0.2453,0.2850
24,0.621,0.2457,0.2768
25,0.653,0.2461,0.2688
26,0.678,0.2465,0.2610
27,0.711,0.2469,0.2535
28,0.738,0.2470,0.2459
29,0.761,0.2473,0.2388
30,0.787,0.2477,0.2319
31,0.808,0.2480,0.2253
32,0.835,0.2484,0.2188
33,0.860,0.2216,0.1893
34,0.885,0.2218,0.1843
35,0.911,0.2221,0.1796
36,0.935,0.2223,0.1750
37,0.962,0.2225,0.1705
38,0.986,0.2243,0.1673
39,1.011,0.2245,0.1630
40,1.039,0.2247,0.1588
41,1.062,0.2249,0.1547
42,1.089,0.2251,0.1508
43,1.117,0.2037,0.1328
44,1.148,0.2038,0.1296
45,1.179,0.2040,0.1266
46,1.205,0.2041,0.1236
47,1.239,0.2043,0.1208
48,1.272,0.2025,0.2961
49,1.295,0.2028,0.2907
50,1.322,0.2032,0.2835
51,1.346,0.2036,0.2765
52,1.372,0.2039,0.2697
53,1.395,0.1897,0.5316
54,1.421,0.1895,0.5269
55,1.446,0.1902,0.5146
56,1.469,0.1908,0.5025
57,1.495,0.1914,0.4906
58,1.520,0.1778,0.7091
59,1.543,0.1773,0.7046
60,1.566,0.1770,0.6892
61,1.590,0.1762,0.6740
62,1.615,0.1754,0.6592
63,1.642,0.1770,0.7687
64,1.665,0.1764,0.7542
65,1.691,0.1755,0.7375
66,1.715,0.1746,0.7212
67,1.740,0.1738,0.7051
68,1.767,0.1719,0.8285
69,1.791,0.1710,0.8125
70,1.817,0.1701,0.7957
71,1.841,0.1691,0.7792
72,1.867,0.1682,0.7630
73,1.893,0.1758,0.9017
74,1.917,0.1958,0.8856
75,1.941,0.2158,0.8686
76,1.970,0.2356,0.8518
77,1.992,0.2371,0.8352
78,2.021,0.2356,0.9305
79,2.043,0.2341,0.9140
80,2.067,0.2324,0.8972
81,2.091,0.2308,0.8806
82,2.115,0.2293,0.8642
83,2.143,0.2277,1.0767
84,2.167,0.2260,1.0606
85,2.194,0.2241,1.0435
86,2.220,0.2222,1.0267
87,2.242,0.2204,1.0100
88,2.275,0.2186,1.1410
89,2.298,0.2166,1.1248
90,2.323,0.2146,1.1082
91,2.347,0.2126,1.0919
92,2.372,0.2106,1.0757
93,2.406,0.2087,1.1736
94,2.430,0.2066,1.1577
95,2.454,0.2045,1.1418
96,2.479,0.2024,1.1260
97,2.502,0.2004,1.1104
98,2.528,0.1984,1.1167
99,2.551,0.1964,1.1600
100,2.576,0.1942,1.1449
101,2.601,0.1922,1.1299
102,2.624,0.1901,1.1151
103,2.649,0.1878,1.0703
104,2.674,0.1860,0.9568
105,2.702,0.1843,0.9449
106,2.731,0.1825,0.9331
107,2.754,0.1807,0.9214
108,2.797,0.1749,0.5425
109,2.827,0.1730,-0.4969
110,2.852,0.1778,-0.5502
111,2.882,0.1785,-0.5460
112,2.908,0.1792,-0.5418
113,2.955,0.1799,-0.6144
114,2.986,0.1807,-0.6098
115,3.010,0.1815,-0.6049
116,3.044,0.1823,-0.6001
117,3.074,0.1831,-0.5954
118,3.117,0.1839,-0.8114
119,3.149,0.1848,-0.8052
120,3.183,0.1860,-0.7982
121,3.221,0.1871,-0.7912
122,3.249,0.1882,-0.7842
123,3.287,0.1893,-0.8328
124,3.317,0.1904,-0.8252
125,3.344,0.1916,-0.8174
126,3.370,0.1928,-0.8098
127,3.394,0.1939,-0.8022
128,3.428,0.1950,-0.8342
129,3.455,0.1962,-0.8276
130,3.480,0.1974,-0.8209
131,3.507,0.1985,-0.8142
132,3.532,0.1997,-0.8077
133,3.566,0.2064,-0.2649
134,3.596,0.2015,0.4403
135,3.619,0.2007,0.4354
136,3.650,0.1998,0.4298
137,3.675,0.1988,0.4242
138,3.707,0.1922,-0.1176
139,3.745,0.1975,-0.7799
140,3.772,0.1985,-0.7740
141,3.802,0.1996,-0.7675
142,3.830,0.2007,-0.7610
143,3.859,0.2018,-0.7365
144,3.889,0.2028,-0.7298
145,3.913,0.2038,-0.7231
146,3.941,0.2048,-0.7166
147,3.969,0.2058,-0.7101
148,3.999,0.2122,-0.1674
149,4.027,0.2112,0.8451
150,4.051,0.2060,0.8751
151,4.078,0.2044,0.8654
152,4.105,0.2028,0.8557
153,4.133,0.1972,0.4788
154,4.161,0.1999,-0.3421
155,4.186,0.2000,-0.3412
156,4.213,0.2004,-0.3392
157,4.242,0.2007,-0.3372
158,4.268,0.2011,-0.3118
159,4.293,0.2014,-0.3101
160,4.317,0.2017,-0.3085
161,4.342,0.2020,-0.3069
162,4.368,0.2023,-0.3053
163,4.399,0.2026,-0.3455
164,4.426,0.2030,-0.3434
165,4.451,0.2033,-0.3412
166,4.476,0.2037,-0.3391
167,4.503,0.2040,-0.3369
168,4.528,0.2044,-0.3494
169,4.554,0.2047,-0.3471
170,4.579,0.2051,-0.3448
171,4.605,0.2055,-0.3425
172,4.633,0.2058,-0.3402
173,4.658,0.2062,-0.3294
174,4.688,0.2065,-0.3273
175,4.713,0.2069,-0.3253
176,4.740,0.2072,-0.3232
177,4.772,0.2075,-0.3212
178,4.798,0.2079,-0.3077
179,4.827,0.2082,-0.3059
180,4.857,0.2085,-0.3041
181,4.878,0.2088,-0.3023
182,4.904,0.2091,-0.3006
183,4.928,0.2094,-0.3164
184,4.953,0.2097,-0.3145
185,4.977,0.2100,-0.3125
186,5.001,0.2103,-0.3105
187,5.026,0.2106,-0.3086
188,5.051,0.2109,-0.2927
189,5.077,0.2112,-0.2910
190,5.105,0.2115,-0.2893
191,5.132,0.2118,-0.2877
192,5.160,0.2120,-0.2861
193,5.185,0.2123,-0.3043
194,5.210,0.2126,-0.3025
195,5.236,0.2129,-0.3006
196,5.262,0.2132,-0.2987
197,5.295,0.2135,-0.2969
198,5.324,0.2138,-0.2961
199,5.349,0.2141,-0.2943
200,5.378,0.2143,-0.2925
201,5.403,0.2146,-0.2907
202,5.431,0.2149,-0.2889
203,5.457,0.2152,-0.3228
204,5.484,0.2155,-0.3205
205,5.513,0.2158,-0.3181
206,5.539,0.2161,-0.3158
207,5.567,0.2165,-0.3135
208,5.598,0.2168,-0.2948
209,5.622,0.2171,-0.2928
210,5.652,0.2174,-0.2909
211,5.676,0.2176,-0.2890
212,5.703,0.2179,-0.2871
213,5.731,0.2182,-0.4190
214,5.752,0.2186,-0.4160
215,5.779,0.2191,-0.4124
216,5.805,0.2196,-0.4089
217,5.833,0.2201,-0.4053
218,5.863,0.2205,-0.4517
219,5.887,0.2210,-0.4479
220,5.918,0.2216,-0.4439
221,5.942,0.2221,-0.4400
222,5.973,0.2227,-0.4361
223,6.003,0.2232,-0.6808
224,6.028,0.2240,-0.6752
225,6.057,0.2249,-0.6685
226,6.083,0.2258,-0.6618
227,6.109,0.2267,-0.6552
228,6.137,0.2276,-0.3403
229,6.160,0.2282,-0.3358
230,6.187,0.2286,-0.3327
231,6.212,0.2290,-0.3297
232,6.239,0.2293,-0.3268
233,6.266,0.2297,-0.2503
234,6.290,0.2300,-0.2479
235,6.315,0.2302,-0.2460
236,6.342,0.2305,-0.2440
237,6.369,0.2307,-0.2421
238,6.402,0.2309,-0.2448
239,6.425,0.2312,-0.2429
240,6.449,0.2314,-0.2409
241,6.473,0.2316,-0.2390
242,6.501,0.2318,-0.2371
243,6.534,0.2321,-0.2405
244,6.559,0.2323,-0.2385
245,6.587,0.2325,-0.2366
246,6.614,0.2327,-0.2347
247,6.643,0.2329,-0.2328
248,6.677,0.2332,-0.2286
249,6.703,0.2334,-0.2269
250,6.732,0.2336,-0.2251
251,6.759,0.2338,-0.2234
252,6.787,0.2340,-0.2217
253,6.819,0.2342,-0.2267
254,6.847,0.2344,-0.2249
255,6.875,0.2346,-0.2231
256,6.906,0.2348,-0.2214
257,6.928,0.2350,-0.2197
258,6.962,0.2352,-0.2204
259,6.988,0.2354,-0.2187
260,7.015,0.2355,-0.2170
261,7.043,0.2357,-0.2153
262,7.069,0.2359,-0.2137
263,7.099,0.2361,-0.2199
264,7.124,0.2363,-0.2234
265,7.154,0.2365,-0.2215
266,7.182,0.2367,-0.2197
267,7.205,0.2369,-0.2179
268,7.235,0.2371,-0.2194
269,7.263,0.2373,-0.2254
270,7.292,0.2375,-0.2234
271,7.320,0.2377,-0.2214
272,7.345,0.2379,-0.2195
273,7.386,0.2381,-0.2079
274,7.412,0.2382,-0.2062
275,7.438,0.2384,-0.2045
276,7.467,0.2386,-0.2030
277,7.494,0.2387,-0.2014
278,7.531,0.2389,-0.2084
279,7.557,0.2391,-0.2067
280,7.582,0.2392,-0.2050
281,7.607,0.2394,-0.2034
282,7.631,0.2396,-0.2017
283,7.667,0.2397,-0.2137
284,7.695,0.2399,-0.2118
285,7.716,0.2401,-0.2100
286,7.744,0.2403,-0.2081
287,7.768,0.2404,-0.2063
288,7.802,0.2406,-0.2169
289,7.830,0.2408,-0.2149
290,7.854,0.2410,-0.2129
291,7.881,0.2411,-0.2108
292,7.906,0.2413,-0.2089
293,7.942,0.2415,-0.2172
294,7.972,0.2417,-0.2151
295,7.996,0.2419,-0.2129
296,8.022,0.2420,-0.2108
297,8.046,0.2422,-0.2087
298,8.081,0.2424,-0.2206
299,8.108,0.2426,-0.2183
300,8.132,0.2428,-0.2159
301,8.158,0.2429,-0.2136
302,8.182,0.2431,-0.2114
303,8.215,0.2433,-0.1997
304,8.245,0.2435,-0.1978
305,8.269,0.2436,-0.1959
306,8.297,0.2438,-0.1941
307,8.321,0.2439,-0.1924
308,8.355,0.2441,-0.2012
309,8.383,0.2442,-0.1993
310,8.406,0.2444,-0.1973
311,8.431,0.2445,-0.1954
312,8.457,0.2447,-0.1935
313,8.483,0.2448,-0.2076
314,8.510,0.2450,-0.2054
315,8.533,0.2451,-0.2032
316,8.557,0.2453,-0.2010
317,8.585,0.2454,-0.1989
318,8.607,0.2456,-0.2010
319,8.635,0.2457,-0.1989
320,8.658,0.2459,-0.1968
321,8.685,0.2460,-0.1947
322,8.715,0.2462,-0.1928
323,8.736,0.2463,-0.1986
324,8.762,0.2465,-0.1965
325,8.787,0.2466,-0.1944
326,8.814,0.2467,-0.1924
327,8.843,0.2469,-0.1905
328,8.867,0.2470,-0.2028
329,8.894,0.2472,-0.2005
330,8.920,0.2473,-0.1983
331,8.944,0.2474,-0.1961
332,8.971,0.2476,-0.1939
333,8.998,0.2477,-0.1959
334,9.026,0.2478,-0.1938
335,9.050,0.2480,-0.1917
336,9.078,0.2481,-0.1897
337,9.106,0.2482,-0.1878
338,9.132,0.2483,-0.1983
339,9.160,0.2485,-0.1962
340,9.188,0.2485,-0.1962
341,9.215,0.2421,-0.8464
342,9.240,0.1609,-1.6849
343,9.266,0.1632,-1.6153
344,9.291,0.1657,-1.5740
345,9.317,0.1681,-1.5342
346,9.343,0.1704,-1.4954
347,9.370,0.1726,-1.4578
348,9.395,0.1748,-1.4850
349,9.424,0.1770,-1.4465
350,9.446,0.1792,-1.4085
351,9.471,0.1813,-1.3717
352,9.498,0.1834,-1.3358
353,9.524,0.1854,-1.3432
354,9.549,0.1874,-1.3075
355,9.577,0.1893,-1.2723
356,9.598,0.1912,-1.2382
357,9.622,0.1931,-1.2050
358,9.646,0.1948,-1.1971
359,9.671,0.1966,-1.1647
360,9.698,0.1983,-1.1330
361,9.720,0.2000,-1.1023
362,9.751,0.2016,-1.0723
363,9.779,0.2032,-1.0655
364,9.805,0.2048,-1.0362
365,9.830,0.2063,-1.0077
366,9.856,0.2078,-0.9799
367,9.886,0.2092,-0.9530
368,9.911,0.2106,-1.0372
369,9.938,0.2121,-1.0105
370,9.967,0.2135,-0.9830
371,9.992,0.2150,-0.9564
372,10.020,0.2164,-0.9305
373,10.047,0.2178,-1.0459
374,10.073,0.2193,-1.0209
375,10.099,0.2208,-0.9952
376,10.125,0.2223,-0.9701
377,10.152,0.2237,-0.9457
378,10.181,0.2252,-0.9522
379,10.202,0.2266,-0.9289
380,10.229,0.2280,-0.9057
381,10.256,0.2293,-0.8833
382,10.280,0.2307,-0.8613
383,10.309,0.2320,-0.9270
384,10.332,0.2333,-0.9056
385,10.361,0.2347,-0.8840
386,10.386,0.2360,-0.8628
387,10.412,0.2374,-0.8421
388,10.440,0.2387,-0.9214
389,10.463,0.2400,-0.9013
390,10.490,0.2414,-0.8806
391,10.515,0.2428,-0.8604
392,10.543,0.2441,-0.8405
393,10.570,0.2454,-0.7944
394,10.594,0.2467,-0.7759
395,10.626,0.2479,-0.7580
396,10.652,0.2491,-0.7405
397,10.684,0.2503,-0.7233
398,10.717,0.2514,-0.7012
399,10.740,0.2526,-0.6858
400,10.770,0.2537,-0.6707
401,10.797,0.2547,-0.6559
402,10.829,0.2558,-0.6413
403,10.862,0.2568,-0.5024
404,10.887,0.2577,-0.4905
405,10.920,0.2585,-0.4798
406,10.948,0.2593,-0.4692
407,10.976,0.2599,-0.4588
408,11.006,0.2591,-0.4514
409,11.033,0.2584,-0.4412
410,11.062,0.2576,-0.4311
411,11.085,0.2569,-0.4212
412,11.110,0.2562,-0.4114
413,11.140,0.2555,-0.4646
414,11.165,0.2547,-0.4550
415,11.195,0.2539,-0.4452
416,11.226,0.2531,-0.4355
417,11.247,0.2524,-0.4260
418,11.279,0.2516,-0.1960
419,11.303,0.2512,-0.1901
420,11.333,0.2508,-0.1854
421,11.362,0.2504,-0.1807
422,11.386,0.2501,-0.1760
423,11.418,0.2497,-0.0452
424,11.445,0.2495,-0.0431
425,11.473,0.2494,-0.0413
426,11.502,0.2492,-0.0396
427,11.528,0.2491,-0.0378
428,11.557,0.2490,-0.0492
429,11.580,0.2488,-0.0668
430,11.608,0.2486,-0.0645
431,11.635,0.2485,-0.0621
432,11.660,0.2483,-0.0598
433,11.690,0.2481,-0.0304
434,11.715,0.2480,-0.0169
435,11.744,0.2478,-0.0155
436,11.773,0.2477,-0.0141
437,11.797,0.2476,-0.0128
438,11.837,0.2475,0.1235
439,11.864,0.2476,0.1229
440,11.890,0.2477,0.1215
441,11.919,0.2478,0.1201
442,11.944,0.2479,0.1187
443,11.982,0.2480,0.0620
444,12.012,0.2481,0.0614
445,12.035,0.2481,0.0612
446,12.064,0.2481,0.0611
447,12.088,0.2481,0.0609
448,12.127,0.2481,-0.0000
449,12.151,0.2481,0.0007
450,12.178,0.2480,0.0018
451,12.205,0.2479,0.0029
452,12.228,0.2478,0.0040
453,12.265,0.2477,-0.1345
454,12.292,0.2475,-0.1314
455,12.315,0.2471,-0.1274
456,12.342,0.2468,-0.1234
457,12.367,0.2465,-0.1195
458,12.399,0.2462,-0.3314
459,12.422,0.2457,-0.3249
460,12.447,0.2450,-0.3167
461,12.473,0.2444,-0.3086
462,12.496,0.2437,-0.3007
463,12.522,0.2431,-0.3910
464,12.547,0.2424,-0.3820
465,12.569,0.2416,-0.3723
466,12.592,0.2408,-0.3627
467,12.620,0.2400,-0.3532
468,12.648,0.2393,-0.2614
469,12.676,0.2386,-0.2533
470,12.700,0.2380,-0.2458
471,12.726,0.2374,-0.2385
472,12.750,0.2368,-0.2312
473,12.780,0.2363,-0.0859
474,12.808,0.2358,-0.0806
475,12.831,0.2355,-0.0765
476,12.859,0.2351,-0.0723
477,12.886,0.2348,-0.0682
478,12.915,0.2344,-0.1803
479,12.941,0.2340,-0.1748
480,12.967,0.2334,-0.1685
481,12.992,0.2329,-0.1623
482,13.018,0.2324,-0.1562
483,13.044,0.2319,0.0148
484,13.072,0.2315,0.0192
485,13.097,0.2313,0.0221
486,13.125,0.2311,0.0251
487,13.149,0.2308,0.0281
488,13.176,0.2306,0.0614
489,13.203,0.2304,0.0637
490,13.226,0.2302,0.0659
491,13.251,0.2301,0.0681
492,13.276,0.2299,0.0703
493,13.302,0.2297,-0.0009
494,13.327,0.2294,0.0026
495,13.353,0.2291,0.0066
496,13.378,0.2288,0.0105
497,13.405,0.2285,0.0144
498,13.429,0.2282,0.1012
499,13.456,0.2280,0.1039
500,13.482,0.2278,0.1060
501,13.506,0.2277,0.1081
502,13.533,0.2275,0.1103
503,13.558,0.2254,0.0071
504,13.585,0.2252,0.0106
505,13.607,0.2248,0.0148
506,13.631,0.2245,0.0190
507,13.658,0.2242,0.0232
508,13.683,0.2047,0.2472
509,13.709,0.2046,0.2481
510,13.736,0.2047,0.2474
511,13.761,0.2047,0.2468
512,13.789,0.2048,0.2462
513,13.814,0.2026,0.4057
514,13.840,0.2028,0.4030
515,13.864,0.2030,0.3991
516,13.887,0.2033,0.3954
517,13.912,0.2036,0.3917
518,13.937,0.1944,0.6187
519,13.965,0.1948,0.6129
520,13.992,0.1953,0.6045
521,14.014,0.1959,0.5962
522,14.040,0.1964,0.5881
523,14.066,0.1898,0.5824
524,14.093,0.1903,0.5741
525,14.118,0.1908,0.5658
526,14.141,0.1914,0.5577
527,14.170,0.1919,0.5497
528,14.195,0.1851,0.6069
529,14.224,0.1856,0.5985
530,14.249,0.1862,0.5896
531,14.275,0.1862,0.5896
532,14.302,0.1972,-0.0223
533,14.330,0.1953,-0.1306
534,14.359,0.1954,-0.1285
535,14.391,0.1956,-0.1258
536,14.418,0.1957,-0.1231
537,14.449,0.1959,-0.1205
538,14.481,0.1878,0.0175
539,14.507,0.1878,0.0181
540,14.538,0.1878,0.0176
541,14.563,0.1877,0.0171
542,14.593,0.1877,0.0166
543,14.620,0.1800,0.0946
544,14.649,0.1800,0.0931
545,14.678,0.1799,0.0911
546,14.703,0.1797,0.0891
547,14.731,0.1796,0.0872
548,14.762,0.1696,0.0996
549,14.783,0.1695,0.0977
550,14.809,0.1693,0.0958
551,14.833,0.1692,0.0939
552,14.859,0.1691,0.0920
553,14.887,0.1635,0.2444
554,14.911,0.1633,0.2410
555,14.939,0.1630,0.2365
556,14.965,0.1627,0.2321
557,14.995,0.1625,0.2277
558,15.022,0.1562,0.2259
559,15.045,0.1559,0.2219
560,15.076,0.1557,0.2179
561,15.104,0.1555,0.2139
562,15.130,0.1552,0.2101
563,15.156,0.1559,0.2057
564,15.179,0.1557,0.2021
565,15.203,0.1555,0.1986
566,15.229,0.1553,0.1951
567,15.253,0.1551,0.1916
568,15.285,0.1471,0.2041
569,15.309,0.1469,0.2007
570,15.336,0.1467,0.1973
571,15.366,0.1465,0.1939
572,15.386,0.1463,0.1906
573,15.417,0.1413,0.5191
574,15.440,0.1401,0.5187
575,15.469,0.1396,0.5109
576,15.494,0.1391,0.5031
577,15.518,0.1386,0.4955
578,15.547,0.1189,0.5308
579,15.571,0.1185,0.5231
580,15.597,0.1180,0.5154
581,15.622,0.1176,0.5078
582,15.649,0.1172,0.5003
583,15.682,0.1280,0.5689
584,15.706,0.1303,0.5614
585,15.733,0.1298,0.5538
586,15.759,0.1293,0.5462
587,15.788,0.1287,0.5388
588,15.823,0.1349,0.6217
589,15.852,0.1343,0.6142
590,15.881,0.1337,0.6065
591,15.909,0.1331,0.5989
592,15.935,0.1324,0.5914
593,15.964,0.1299,0.5870
594,15.988,0.1273,0.5828
595,16.015,0.1267,0.5756
596,16.041,0.1261,0.5686
597,16.065,0.1256,0.5616
598,16.092,0.1248,0.5580
599,16.115,0.1224,0.5817
600,16.138,0.1218,0.5750
601,16.164,0.1213,0.5683
602,16.187,0.1207,0.5617
603,16.226,0.1256,0.5952
604,16.252,0.1256,0.5889
605,16.279,0.1250,0.5824
606,16.311,0.1244,0.5759
607,16.338,0.1238,0.5695
608,16.376,0.1161,0.6310
609,16.405,0.1155,0.6249
610,16.428,0.1149,0.6186
611,16.456,0.1143,0.6124
612,16.480,0.1137,0.6062
613,16.518,0.1113,0.6089
614,16.546,0.1107,0.6030
615,16.568,0.1101,0.5970
616,16.595,0.1095,0.5911
617,16.620,0.1089,0.5853
618,16.651,0.1048,0.6269
619,16.680,0.1043,0.6214
620,16.699,0.1037,0.6158
621,16.724,0.1031,0.6102
622,16.747,0.1025,0.6047
623,16.780,0.1036,0.5923
624,16.808,0.1030,0.5874
625,16.830,0.1025,0.5826
626,16.857,0.1019,0.5777
627,16.880,0.1013,0.5730
628,16.914,0.1049,0.6063
629,16.937,0.1043,0.6017
630,16.962,0.1037,0.5970
631,16.988,0.1030,0.5923
632,17.013,0.1024,0.5876
633,17.044,0.1020,0.5320
634,17.071,0.1014,0.5276
635,17.094,0.1009,0.5233
636,17.119,0.1003,0.5191
637,17.142,0.0998,0.5149
638,17.170,0.1055,0.5016
639,17.194,0.1061,0.4975
640,17.217,0.1056,0.4934
641,17.243,0.1050,0.4894
642,17.267,0.1044,0.4854
643,17.300,0.1037,0.4788
644,17.330,0.1032,0.4753
645,17.354,0.1026,0.4718
646,17.382,0.1021,0.4683
647,17.410,0.1015,0.4649
648,17.434,0.0985,0.3472
649,17.463,0.0981,0.3444
650,17.487,0.0977,0.3419
651,17.512,0.0973,0.3394
652,17.537,0.0969,0.3369
653,17.564,0.0922,0.2684
654,17.592,0.0919,0.2661
655,17.616,0.0916,0.2640
656,17.643,0.0913,0.2619
657,17.671,0.0910,0.2598
658,17.696,0.0861,-0.0332
659,17.725,0.0851,-0.0620
660,17.751,0.0851,-0.0621
661,17.779,0.0851,-0.0622
662,17.811,0.0851,-0.0623
663,17.836,0.0831,-0.0631
664,17.868,0.0830,-0.0632
665,17.895,0.0830,-0.0632
666,17.924,0.0830,-0.0633
667,17.954,0.0830,-0.0634
668,17.982,0.0803,-0.0879
669,18.009,0.0803,-0.0878
670,18.035,0.0803,-0.0878
671,18.066,0.0803,-0.0877
672,18.098,0.0803,-0.0876
673,18.123,0.0781,-0.1743
674,18.154,0.0781,-0.1739
675,18.183,0.0782,-0.1733
676,18.211,0.0783,-0.1727
677,18.241,0.0784,-0.1721
678,18.267,0.0726,-0.2719
679,18.295,0.0728,-0.2709
680,18.319,0.0729,-0.2697
681,18.347,0.0731,-0.2685
682,18.375,0.0732,-0.2673
683,18.402,0.0758,-0.3252
684,18.427,0.0760,-0.3237
685,18.452,0.0762,-0.3221
686,18.477,0.0764,-0.3204
687,18.509,0.0766,-0.3188
688,18.538,0.0749,-0.2501
689,18.568,0.0751,-0.2488
690,18.594,0.0752,-0.2476
691,18.619,0.0753,-0.2464
692,18.646,0.0755,-0.2453
693,18.674,0.0742,-0.3713
694,18.701,0.0744,-0.3696
695,18.725,0.0746,-0.3676
696,18.752,0.0748,-0.3656
697,18.781,0.0751,-0.3636
698,18.807,0.0681,-0.5260
699,18.831,0.0684,-0.5232
700,18.856,0.0687,-0.5201
701,18.880,0.0690,-0.5170
702,18.903,0.0693,-0.5139
703,18.929,0.0662,-0.4704
704,18.953,0.0664,-0.4674
705,18.978,0.0667,-0.4645
706,19.001,0.0669,-0.4616
707,19.026,0.0672,-0.4587
708,19.052,0.0665,-0.5472
709,19.077,0.0668,-0.5441
710,19.105,0.0671,-0.5408
711,19.128,0.0674,-0.5375
712,19.154,0.0677,-0.5342
713,19.181,0.0605,-0.4561
714,19.204,0.0608,-0.4533
715,19.230,0.0610,-0.4506
716,19.254,0.0612,-0.4479
717,19.280,0.0614,-0.4452
718,19.311,0.0620,-0.5840
719,19.331,0.0623,-0.5807
720,19.358,0.0626,-0.5771
721,19.383,0.0629,-0.5734
722,19.409,0.0632,-0.5698
723,19.436,0.0600,-0.6328
724,19.457,0.0600,-0.6289
725,19.487,0.0600,-0.6249
726,19.512,0.0600,-0.6209
727,19.537,0.0600,-0.6169
728,19.564,0.0600,-0.6069
729,19.586,0.0600,-0.6032
730,19.617,0.0600,-0.5996
731,19.640,0.0600,-0.5960
732,19.667,0.0600,-0.5924
733,19.694,0.0600,-0.6679
734,19.717,0.0600,-0.6636
735,19.745,0.0600,-0.6591
736,19.768,0.0600,-0.6547
737,19.795,0.0600,-0.6503
738,19.826,0.0600,-0.5870
739,19.851,0.0600,-0.5837
740,19.879,0.0600,-0.5804
741,19.905,0.0600,-0.5772
742,19.933,0.0600,-0.5740
743,19.961,0.0600,-0.6999
744,19.985,0.0600,-0.6958
745,20.011,0.0600,-0.6916
746,20.035,0.0600,-0.6875
747,20.059,0.0600,-0.6833
748,20.091,0.0600,-0.5812
749,20.118,0.0600,-0.5781
750,20.149,0.0600,-0.5750
751,20.178,0.0600,-0.5720
752,20.202,0.0600,-0.5690
753,20.235,0.0600,-0.6045
754,20.260,0.0600,-0.6014
755,20.288,0.0600,-0.5982
756,20.316,0.0600,-0.5950
757,20.342,0.0600,-0.5919
758,20.370,0.0600,-0.5879
759,20.394,0.0600,-0.5836
760,20.421,0.0600,-0.5813
761,20.447,0.0600,-0.5790
762,20.470,0.0600,-0.5767
763,20.498,0.0600,-0.5801
764,20.524,0.0600,-0.6344
765,20.551,0.0600,-0.6315
766,20.577,0.0600,-0.6285
767,20.602,0.0600,-0.6256
768,20.643,0.0600,-0.5578
769,20.669,0.0600,-0.5555
770,20.695,0.0600,-0.5533
771,20.722,0.0600,-0.5511
772,20.747,0.0600,-0.5488
773,20.784,0.0600,-0.6654
774,20.809,0.0600,-0.6633
775,20.835,0.0600,-0.6611
776,20.860,0.0600,-0.6589
777,20.884,0.0600,-0.6567
778,20.926,0.0600,-0.4673
779,20.958,0.0600,-0.4655
780,20.983,0.0600,-0.4639
781,21.016,0.0600,-0.4623
782,21.041,0.0600,-0.4607
783,21.074,0.0600,-0.5862
784,21.103,0.0600,-0.5848
785,21.125,0.0600,-0.5834
786,21.151,0.0600,-0.5819
787,21.176,0.0600,-0.5805
788,21.208,0.0600,-0.8134
789,21.232,0.0600,-0.8122
790,21.258,0.0600,-0.8109
791,21.290,0.0600,-0.8096
792,21.330,0.0600,-0.8082
793,21.359,0.0600,-0.8864
794,21.390,0.0600,-0.8853
795,21.416,0.0600,-0.8842
796,21.447,0.0600,-0.8830
797,21.473,0.0600,-0.8819
798,21.504,0.0600,-0.9511
799,21.532,0.0600,-0.9501
800,21.557,0.0600,-0.9491
801,21.584,0.0600,-0.9481
802,21.611,0.0600,-0.9470
803,21.641,0.0600,-1.1738
804,21.672,0.0600,-1.1732
805,21.699,0.0600,-1.1724
806,21.724,0.0600,-1.1717
807,21.748,0.0600,-1.1710
808,21.776,0.0600,-1.2009
809,21.802,0.0600,-1.2006
810,21.827,0.0600,-1.2004
811,21.854,0.0600,-1.2002
812,21.878,0.0600,-1.1999
813,21.912,0.0615,-0.7942
814,21.938,0.0600,-0.7277
815,21.961,0.0600,-0.7277
816,21.989,0.0600,-0.7277
817,22.015,0.0600,-0.7277
818,22.043,0.0600,-0.9806
819,22.073,0.0600,-0.9806
820,22.099,0.0600,-0.9806
821,22.127,0.0600,-0.9806
822,22.153,0.0600,-0.9806
823,22.179,0.0600,-0.9125
824,22.209,0.0600,-0.9125
825,22.233,0.0600,-0.9125
826,22.260,0.0600,-0.9125
827,22.288,0.0600,-0.9125
828,22.312,0.0597,-1.2143
829,22.338,0.0600,-1.2164
830,22.364,0.0600,-1.2164
831,22.387,0.0600,-1.2164
832,22.416,0.0600,-1.2164
833,22.443,0.0594,-1.5864
834,22.473,0.0600,-1.6011
835,22.497,0.0600,-1.6011
836,22.526,0.0600,-1.6011
837,22.557,0.0600,-1.6011
838,22.585,0.0600,-1.8200
839,22.615,0.0600,-1.8200
840,22.646,0.0600,-1.8200
841,22.668,0.0600,-1.8200
842,22.695,0.0600,-1.8200
843,22.721,0.0600,-1.8200
844,22.751,0.0600,-1.8200
845,22.775,0.0600,-1.8200
846,22.801,0.0600,-1.8200
847,22.830,0.0600,-1.8200
848,22.854,0.0600,-1.8200
849,22.880,0.0600,-1.8200
850,22.907,0.0600,-1.8200
851,22.933,0.0600,-1.8200
852,22.960,0.0600,-1.8200
853,22.988,0.0600,-1.8200
854,23.016,0.0600,-1.8200
855,23.042,0.0600,-1.8200
856,23.064,0.0600,-1.8200
857,23.092,0.0600,-1.8200
858,23.116,0.0600,-1.8200
859,23.144,0.0600,-1.8200
860,23.171,0.0600,-1.8200
861,23.196,0.0600,-1.8200
862,23.226,0.0600,-1.8200
863,23.253,0.0600,-1.8200
864,23.279,0.0600,-1.8200
865,23.307,0.0600,-1.8200
866,23.332,0.0600,-1.8200
867,23.360,0.0600,-1.8200
868,23.385,0.0675,-1.8200
869,23.412,0.0813,-1.8200
870,23.439,0.0781,-1.8200
871,23.464,0.0750,-1.8200
872,23.494,0.0718,-1.8200
873,23.520,0.0687,-1.8200
874,23.546,0.0656,-1.8200
875,23.572,0.0625,-1.8200
876,23.599,0.0600,-1.8200
877,23.626,0.0600,-1.8200
878,23.656,0.0600,-1.8200
879,23.680,0.0600,-1.8200
880,23.707,0.0600,-1.8200
881,23.731,0.0600,-1.8200
882,23.759,0.0600,-1.8200
883,23.789,0.0600,-1.8200
884,23.813,0.0600,-1.8200
885,23.842,0.0600,-1.8200
886,23.866,0.0600,-1.8200
887,23.894,0.0600,-1.8200
888,23.922,0.0620,-1.3391
889,23.948,0.0600,-0.5238
890,23.975,0.0600,-0.5238
891,23.999,0.0600,-0.5238
892,24.027,0.0600,-0.5238
893,24.056,0.0632,-0.0434
894,24.080,0.0608,0.8781
895,24.109,0.0600,0.8835
896,24.135,0.0600,0.8835
897,24.164,0.0600,0.8835
898,24.192,0.0600,0.7550
899,24.219,0.0600,0.7550
900,24.248,0.0600,0.7550
901,24.278,0.0600,0.7550
902,24.314,0.0600,0.7550
903,24.377,0.0561,0.2186
904,24.416,0.0600,-0.6515
905,24.458,0.0600,-0.6515
906,24.490,0.0600,-0.6515
907,24.513,0.0600,-0.6515
908,24.547,0.0603,-0.2028
909,24.573,0.0600,-0.1965
910,24.602,0.0600,-0.1965
911,24.632,0.0600,-0.1965
912,24.657,0.0600,-0.1965
913,24.692,0.0644,0.4527
914,24.718,0.0600,0.7569
915,24.749,0.0600,0.7569
916,24.778,0.0600,0.7569
917,24.800,0.0600,0.7569
918,24.845,0.0545,-0.0048
919,24.878,0.0600,-0.5800
920,24.913,0.0600,-0.5800
921,24.946,0.0600,-0.5800
922,24.976,0.0600,-0.5800
923,25.014,0.0611,-0.4214
924,25.044,0.0647,0.6542
925,25.074,0.0600,0.7713
926,25.105,0.0600,0.7713
927,25.134,0.0600,0.7713
928,25.167,0.0597,0.7372
929,25.196,0.0562,-0.2284
930,25.225,0.0600,-0.3320
931,25.259,0.0600,-0.3320
932,25.288,0.0600,-0.3320
933,25.330,0.0634,0.1481
934,25.364,0.0600,0.7173
935,25.391,0.0600,0.7173
936,25.422,0.0600,0.7173
937,25.448,0.0600,0.7173
938,25.490,0.0555,0.1246
939,25.516,0.0600,-0.5796
940,25.545,0.0600,-0.5796
941,25.577,0.0600,-0.5796
942,25.602,0.0600,-0.5796
943,25.641,0.0642,0.0132
944,25.673,0.0600,0.5486
945,25.696,0.0600,0.5486
946,25.726,0.0600,0.5486
947,25.752,0.0600,0.5486
